Pet Shower                      ; Rua Canary, 636
Dog Shower                      ; Rua Waxwing, 052
Cão Cuidado                     ; Rua Maryland, 87
Delicatto Cães e Gatos          ; Rua Mcbride, 756
Mimo Canino                     ; Rua Everett, 79577
Pet Feliz                       ; Rua Basil, 7180
Mimo’s Pet                      ; Rua Novick, 80338
Petinho Cães e Gatos            ; Rua Merry, 244
Meu Pet                         ; Rua Cherokee, 547
Pet Cuidado & Cia               ; Rua Stephen, 50093
Querido Pet                     ; Rua Grayhawk, 6
Dog & Cat Pet Shop              ; Rua Vera, 820
Cat Shower                      ; Rua Bill Park, 95827
Dog Shower                      ; Rua Meadow Vale, 0
Vip Pet Shop                    ; Rua Oxford, 22627
Clube Canino                    ; Rua Beilfuss, 78
Spa do Pet                      ; Rua Quincy, 9
Cuidado Canino                  ; Rua Anthes, 74
King Pet                        ; Rua Mendota, 420
Pet Care                        ; Lake View, 6924
Doce Pet                        ; Rua Bashford, 4605
Sweet Pet                       ; Rua Alpine, 03158
Recanto do Pet                  ; Rua Algoma, 96142
Beleza Pet                      ; Rua David, 833
Estação dos pets                ; Rua 1st, 42695
Delicatto Pet                   ; Rua Marquette, 6
Carinho Pet                     ; Rua Grasskamp, 13
Mimu’s Pet                      ; Rua Melby, 61
Estilo Pet                      ; Rua Bellgrove, 938
Pet Shower                      ; Rua Marcy, 99
Pet Home                        ; Rua Waxwing, 19590
Universo Pet                    ; Rua Michigan, 5733
Amigo Pet                       ; Rua Sachs, 29
Friendly Pet                    ; Rua Emmet, 0019
Pet Center                      ; Rua Maywood, 0
Pet Mais                        ; Rua Darwin, 981
Petito Pet Shop                 ; Rua Dovetail, 7
Casa do Pet                     ; Rua Arapahoe, 22
Pet Zen                         ; Rua Hagan, 794
Relax Pet                       ; Rua Debra, 563
Momento Pet                     ; Rua Bonner, 9393
Luxo Pet                        ; Rua Golf, 5
Pet Alegria                     ; Rua Pankratz, 49
Life Pet                        ; Rua Park Meadow, 9
Canino’s Pet                    ; Rua Badeau, 23212
Love Pet                        ; Rua Mosinee, 0503
Allegra Pet                     ; Rua Cordelia, 2
Pet Conforto                    ; Rua Messerschmidt, 41
Latidos e Grunhidos Pet Shop    ; Rua Bunting, 1
Amigos de patas Pet Shop        ; Rua Cordelia, 150
